Datetime,Water Level (m)
2026-01-30 00:00:00,-0.5045492
2026-01-30 01:00:00,-0.62539256
2026-01-30 02:00:00,-0.69932103
2026-01-30 03:00:00,-0.59414065
2026-01-30 04:00:00,-0.27963206
2026-01-30 05:00:00,-0.0012626388
2026-01-30 06:00:00,0.16282922
2026-01-30 07:00:00,0.16126893
2026-01-30 08:00:00,-0.024589704
2026-01-30 09:00:00,-0.24379218
2026-01-30 10:00:00,-0.4260486
2026-01-30 11:00:00,-0.57606
2026-01-30 12:00:00,-0.70202875
2026-01-30 13:00:00,-0.8068493
2026-01-30 14:00:00,-0.85924554
2026-01-30 15:00:00,-0.66792595
2026-01-30 16:00:00,-0.28724864
2026-01-30 17:00:00,0.08643863
2026-01-30 18:00:00,0.3868981
2026-01-30 19:00:00,0.537427
2026-01-30 20:00:00,0.4736968
2026-01-30 21:00:00,0.20514844
2026-01-30 22:00:00,-0.063342124
2026-01-30 23:00:00,-0.2711584
2026-01-31 00:00:00,-0.44450718
2026-01-31 01:00:00,-0.591078
2026-01-31 02:00:00,-0.71422184
2026-01-31 03:00:00,-0.8071971
2026-01-31 04:00:00,-0.7419384
2026-01-31 05:00:00,-0.38498262
2026-01-31 06:00:00,-0.046021715
2026-01-31 07:00:00,0.171074
2026-01-31 08:00:00,0.20062831
2026-01-31 09:00:00,0.0049919216
2026-01-31 10:00:00,-0.23901187
2026-01-31 11:00:00,-0.43530637
2026-01-31 12:00:00,-0.59121275
2026-01-31 13:00:00,-0.72097003
2026-01-31 14:00:00,-0.8280455
2026-01-31 15:00:00,-0.8866228
2026-01-31 16:00:00,-0.70435756
2026-01-31 17:00:00,-0.29358962
2026-01-31 18:00:00,0.1225557
2026-01-31 19:00:00,0.46089566
2026-01-31 20:00:00,0.6277715
2026-01-31 21:00:00,0.53300583
2026-01-31 22:00:00,0.22041616
2026-01-31 23:00:00,-0.06358183
2026-02-01 00:00:00,-0.2784059
2026-02-01 01:00:00,-0.45688963
2026-02-01 02:00:00,-0.60866135
2026-02-01 03:00:00,-0.7342232
2026-02-01 04:00:00,-0.8244243
2026-02-01 05:00:00,-0.686304
2026-02-01 06:00:00,-0.2776053
2026-02-01 07:00:00,0.08780205
2026-02-01 08:00:00,0.31635183
2026-02-01 09:00:00,0.31384462
2026-02-01 10:00:00,0.06859169
2026-02-01 11:00:00,-0.19672066
2026-02-01 12:00:00,-0.40228763
2026-02-01 13:00:00,-0.5670972
2026-02-01 14:00:00,-0.7018559
2026-02-01 15:00:00,-0.815307
2026-02-01 16:00:00,-0.87304586
2026-02-01 17:00:00,-0.64236957
2026-02-01 18:00:00,-0.1917768
2026-02-01 19:00:00,0.2468953
2026-02-01 20:00:00,0.5812906
2026-02-01 21:00:00,0.7003638
2026-02-01 22:00:00,0.5015082
2026-02-01 23:00:00,0.16064896
2026-02-02 00:00:00,-0.10947649
2026-02-02 01:00:00,-0.3156197
2026-02-02 02:00:00,-0.4899188
2026-02-02 03:00:00,-0.6368852
2026-02-02 04:00:00,-0.75852287
2026-02-02 05:00:00,-0.8277096
2026-02-02 06:00:00,-0.57188785
2026-02-02 07:00:00,-0.126478
2026-02-02 08:00:00,0.24644533
2026-02-02 09:00:00,0.4429145
2026-02-02 10:00:00,0.35516697
2026-02-02 11:00:00,0.06023399
2026-02-02 12:00:00,-0.20078903
2026-02-02 13:00:00,-0.40074015
2026-02-02 14:00:00,-0.56274885
2026-02-02 15:00:00,-0.6962219
2026-02-02 16:00:00,-0.8074667
2026-02-02 17:00:00,-0.83383083
2026-02-02 18:00:00,-0.50001967
2026-02-02 19:00:00,-0.023717651
2026-02-02 20:00:00,0.41494796
2026-02-02 21:00:00,0.7078506
2026-02-02 22:00:00,0.7199377
2026-02-02 23:00:00,0.41446677
2026-02-03 00:00:00,0.08405514
2026-02-03 01:00:00,-0.1624037
2026-02-03 02:00:00,-0.35716325
2026-02-03 03:00:00,-0.52424806
2026-02-03 04:00:00,-0.66439635
2026-02-03 05:00:00,-0.7775086
2026-02-03 06:00:00,-0.75645703
2026-02-03 07:00:00,-0.3500826
2026-02-03 08:00:00,0.09321091
2026-02-03 09:00:00,0.42117244
2026-02-03 10:00:00,0.5269188
2026-02-03 11:00:00,0.3232413
2026-02-03 12:00:00,0.013884306
2026-02-03 13:00:00,-0.22575895
2026-02-03 14:00:00,-0.4114665
2026-02-03 15:00:00,-0.56620866
2026-02-03 16:00:00,-0.6968413
2026-02-03 17:00:00,-0.8009054
2026-02-03 18:00:00,-0.7325083
2026-02-03 19:00:00,-0.29717073
2026-02-03 20:00:00,0.18076445
2026-02-03 21:00:00,0.57344455
2026-02-03 22:00:00,0.76336616
2026-02-03 23:00:00,0.6133114
2026-02-04 00:00:00,0.25979847
2026-02-04 01:00:00,-0.029227227
2026-02-04 02:00:00,-0.24606587
2026-02-04 03:00:00,-0.42593324
2026-02-04 04:00:00,-0.57997525
2026-02-04 05:00:00,-0.7086954
2026-02-04 06:00:00,-0.794421
2026-02-04 07:00:00,-0.59098035
2026-02-04 08:00:00,-0.12982531
2026-02-04 09:00:00,0.28013164
2026-02-04 10:00:00,0.52627647
2026-02-04 11:00:00,0.49555498
2026-02-04 12:00:00,0.20620231
2026-02-04 13:00:00,-0.075016685
2026-02-04 14:00:00,-0.28375834
2026-02-04 15:00:00,-0.454722
2026-02-04 16:00:00,-0.6006885
2026-02-04 17:00:00,-0.7216182
2026-02-04 18:00:00,-0.7938035
2026-02-04 19:00:00,-0.5577838
2026-02-04 20:00:00,-0.08917881
2026-02-04 21:00:00,0.35264325
2026-02-04 22:00:00,0.65626013
2026-02-04 23:00:00,0.6917251
2026-02-05 00:00:00,0.40950167
